S.N,Travel_Company,Destination,Price,Duration
1,Mountain Top Travels,Annapurna Circuit,"30,000",21
2,Mountain Top Travels,Everest Base Camp,"20,000",12
3,Mountain Top Travels,Langtang Valley,"15,000",7
4,Mountain Top Travels,Manang,"10,000",5
5,Mountain Top Travels,Mustang,"20,000",14
6,Mountain Top Travels,Rara Lake,"7,000",5
7,Mountain Top Travels,Gosaikunda,"8,000",5
8,Mountain Top Travels,Jomsom,"15,000",3
9,Mountain Top Travels,Muktinath,"15,000",3
10,Mountain Top Travels,Ghorepani Poon Hill,"20,000",5
11,Mountain Top Travels,Dolpo,"25,000",14
12,Mountain Top Travels,Tengboche,"10,000",3
13,Mountain Top Travels,Namche Bazaar,"12,000",3
14,Mountain Top Travels,Tilicho Lake,"18,000",6
15,Mountain Top Travels,Helambu,"15,000",5
16,Mountain Top Travels,Kanchenjunga Base Camp,"30,000",14
17,Mountain Top Travels,Shey Phoksundo Lake,"25,000",7
18,Mountain Top Travels,Khaptad National Park,"20,000",6
19,Mountain Top Travels,Rolwaling Valley,"22,000",7
20,Mountain Top Travels,Upper Mustang,"30,000",14
21,Mountain Top Travels,Simikot,"28,000",10
22,Mountain Top Travels,Panch Pokhari,"15,000",7
23,Mountain Top Travels,Sagarmatha National Park,"28,000",14
24,Mountain Top Travels,Makalu Base Camp,"32,000",14
25,Mountain Top Travels,Dhaulagiri Circuit,"32,000",14
26,Mountain Top Travels,Manaslu Circuit,"28,000",14
27,Mountain Top Travels,Khopra Ridge,"16,000",7
28,Mountain Top Travels,Gokyo Lakes,"25,000",10
29,Mountain Top Travels,Three Passes Trek,"35,000",20
30,Mountain Top Travels,Arun Valley,"20,000",12
31,Mountain Top Travels,Nar Phu Valley,"30,000",9
32,Mountain Top Travels,Ruby Valley,"18,000",7
33,Mountain Top Travels,Lower Dolpo,"25,000",10
34,Mountain Top Travels,Upper Dolpo,"40,000",20
35,Mountain Top Travels,Tsum Valley,"28,000",10
36,Mountain Top Travels,Pikey Peak,"15,000",7
37,Mountain Top Travels,Mohare Danda,"10,000",5
38,Mountain Top Travels,Ganja La Pass,"22,000",12
39,Mountain Top Travels,Lumba Sumba Pass,"40,000",20
40,Mountain Top Travels,Tamang Heritage Trail,"15,000",7
41,Mountain Top Travels,Annapurna Circuit,"33,000",22
42,Mountain Top Travels,Everest Base Camp,"18,000",11
43,Mountain Top Travels,Langtang Valley,"17,000",8
44,Mountain Top Travels,Manang,"8,000",4
45,Mountain Top Travels,Mustang,"21,000",15
46,Mountain Top Travels,Rara Lake,"8,000",6
47,Mountain Top Travels,Gosaikunda,"9,000",6
48,Mountain Top Travels,Jomsom,"10,000",2
49,Mountain Top Travels,Muktinath,"10,000",2
50,Mountain Top Travels,Ghorepani Poon Hill,"24,000",6
51,Mountain Top Travels,Dolpo,"27,000",15
52,Mountain Top Travels,Tengboche,"13,000",4
53,Mountain Top Travels,Namche Bazaar,"16,000",4
54,Mountain Top Travels,Tilicho Lake,"15,000",5
55,Mountain Top Travels,Helambu,"12,000",4
56,Mountain Top Travels,Kanchenjunga Base Camp,"27,000",13
57,Mountain Top Travels,Shey Phoksundo Lake,"28,000",8
58,Mountain Top Travels,Khaptad National Park,"23,000",7
59,Mountain Top Travels,Rolwaling Valley,"25,000",8
60,Mountain Top Travels,Upper Mustang,"27,000",13
61,Mountain Top Travels,Simikot,"31,000",11
62,Mountain Top Travels,Panch Pokhari,"13,000",6
63,Mountain Top Travels,Sagarmatha National Park,"27,000",13
64,Mountain Top Travels,Makalu Base Camp,"31,000",13
65,Mountain Top Travels,Dhaulagiri Circuit,"31,000",13
66,Mountain Top Travels,Manaslu Circuit,"27,000",13
67,Mountain Top Travels,Khopra Ridge,"18,000",8
68,Mountain Top Travels,Gokyo Lakes,"28,000",11
69,Mountain Top Travels,Three Passes Trek,"33,000",19
70,Mountain Top Travels,Arun Valley,"21,000",13
71,Mountain Top Travels,Nar Phu Valley,"33,000",10
72,Mountain Top Travels,Ruby Valley,"20,000",8
73,Mountain Top Travels,Lower Dolpo,"27,000",11
74,Mountain Top Travels,Upper Dolpo,"39,000",19
75,Mountain Top Travels,Tsum Valley,"31,000",11
76,Mountain Top Travels,Pikey Peak,"17,000",8
77,Mountain Top Travels,Mohare Danda,"12,000",6
78,Mountain Top Travels,Ganja La Pass,"23,000",13
79,Mountain Top Travels,Lumba Sumba Pass,"39,000",19
80,Mountain Top Travels,Tamang Heritage Trail,"17,000",8
81,Gaurab Tours and Travels,Annapurna Circuit,"38,000",25
82,Gaurab Tours and Travels,Everest Base Camp,"20,000",13
83,Gaurab Tours and Travels,Langtang Valley,"18,000",9
84,Gaurab Tours and Travels,Manang,"10,000",5
85,Gaurab Tours and Travels,Mustang,"24,000",16
86,Gaurab Tours and Travels,Rara Lake,"12,000",8
87,Gaurab Tours and Travels,Gosaikunda,"13,000",8
88,Gaurab Tours and Travels,Jomsom,"15,000",3
89,Gaurab Tours and Travels,Muktinath,"15,000",3
90,Gaurab Tours and Travels,Ghorepani Poon Hill,"30,000",7
91,Gaurab Tours and Travels,Dolpo,"34,000",18
92,Gaurab Tours and Travels,Tengboche,"16,000",6
93,Gaurab Tours and Travels,Namche Bazaar,"20,000",6
94,Gaurab Tours and Travels,Tilicho Lake,"18,000",7
95,Gaurab Tours and Travels,Helambu,"14,000",6
96,Gaurab Tours and Travels,Kanchenjunga Base Camp,"32,000",15
97,Gaurab Tours and Travels,Shey Phoksundo Lake,"35,000",10
98,Gaurab Tours and Travels,Khaptad National Park,"28,000",9
99,Gaurab Tours and Travels,Rolwaling Valley,"30,000",10
100,Gaurab Tours and Travels,Upper Mustang,"32,000",15
101,Gaurab Tours and Travels,Simikot,"38,000",12
102,Gaurab Tours and Travels,Panch Pokhari,"16,000",7
103,Gaurab Tours and Travels,Sagarmatha National Park,"32,000",15
104,Gaurab Tours and Travels,Makalu Base Camp,"36,000",15
105,Gaurab Tours and Travels,Dhaulagiri Circuit,"36,000",15
106,Gaurab Tours and Travels,Manaslu Circuit,"32,000",15
107,Gaurab Tours and Travels,Khopra Ridge,"22,000",9
108,Gaurab Tours and Travels,Gokyo Lakes,"32,000",13
109,Gaurab Tours and Travels,Three Passes Trek,"40,000",22
110,Gaurab Tours and Travels,Arun Valley,"24,000",14
111,Gaurab Tours and Travels,Nar Phu Valley,"38,000",11
112,Gaurab Tours and Travels,Ruby Valley,"22,000",9
113,Gaurab Tours and Travels,Lower Dolpo,"32,000",12
114,Gaurab Tours and Travels,Upper Dolpo,"42,000",20
115,Gaurab Tours and Travels,Tsum Valley,"36,000",12
116,Gaurab Tours and Travels,Pikey Peak,"20,000",9
117,Gaurab Tours and Travels,Mohare Danda,"15,000",7
118,Gaurab Tours and Travels,Ganja La Pass,"26,000",15
119,Gaurab Tours and Travels,Lumba Sumba Pass,"42,000",20
120,Gaurab Tours and Travels,Tamang Heritage Trail,"20,000",9
121,Gaurab Tours and Travels,Annapurna Circuit,"42,000",24
122,Gaurab Tours and Travels,Everest Base Camp,"22,000",14
123,Gaurab Tours and Travels,Langtang Valley,"19,000",9
124,Gaurab Tours and Travels,Manang,"13,000",5
125,Gaurab Tours and Travels,Mustang,"30,000",16
126,Gaurab Tours and Travels,Rara Lake,"16,000",8
127,Gaurab Tours and Travels,Gosaikunda,"17,000",8
128,Gaurab Tours and Travels,Jomsom,"19,000",4
129,Gaurab Tours and Travels,Muktinath,"19,000",4
130,Gaurab Tours and Travels,Ghorepani Poon Hill,"37,000",7
131,Gaurab Tours and Travels,Dolpo,"42,000",16
132,Gaurab Tours and Travels,Tengboche,"19,000",6
133,Gaurab Tours and Travels,Namche Bazaar,"23,000",6
134,Gaurab Tours and Travels,Tilicho Lake,"21,000",7
135,Gaurab Tours and Travels,Helambu,"16,000",6
136,Gaurab Tours and Travels,Kanchenjunga Base Camp,"35,000",14
137,Gaurab Tours and Travels,Shey Phoksundo Lake,"38,000",9
138,Gaurab Tours and Travels,Khaptad National Park,"29,000",7
139,Gaurab Tours and Travels,Rolwaling Valley,"34,000",8
140,Gaurab Tours and Travels,Upper Mustang,"36,000",14
141,Gaurab Tours and Travels,Simikot,"42,000",11
142,Gaurab Tours and Travels,Panch Pokhari,"18,000",7
143,Gaurab Tours and Travels,Sagarmatha National Park,"36,000",14
144,Gaurab Tours and Travels,Makalu Base Camp,"40,000",14
145,Gaurab Tours and Travels,Dhaulagiri Circuit,"40,000",14
146,Gaurab Tours and Travels,Manaslu Circuit,"36,000",14
147,Gaurab Tours and Travels,Khopra Ridge,"23,000",8
148,Gaurab Tours and Travels,Gokyo Lakes,"36,000",11
149,Gaurab Tours and Travels,Three Passes Trek,"45,000",20
150,Gaurab Tours and Travels,Arun Valley,"26,000",13
151,Gaurab Tours and Travels,Nar Phu Valley,"42,000",10
152,Gaurab Tours and Travels,Ruby Valley,"24,000",8
153,Gaurab Tours and Travels,Lower Dolpo,"36,000",11
154,Gaurab Tours and Travels,Upper Dolpo,"48,000",19
155,Gaurab Tours and Travels,Tsum Valley,"42,000",11
156,Gaurab Tours and Travels,Pikey Peak,"22,000",8
157,Gaurab Tours and Travels,Mohare Danda,"16,000",6
158,Gaurab Tours and Travels,Ganja La Pass,"28,000",14
159,Gaurab Tours and Travels,Lumba Sumba Pass,"48,000",19
160,Gaurab Tours and Travels,Tamang Heritage Trail,"22,000",8
161,Paradise Travels,Annapurna Circuit,"40,000",25
162,Paradise Travels,Everest Base Camp,"28,000",20
163,Paradise Travels,Langtang Valley,"20,000",15
164,Paradise Travels,Manang,"15,000",15
165,Paradise Travels,Mustang,"28,000",20
166,Paradise Travels,Rara Lake,"15,000",15
167,Paradise Travels,Gosaikunda,"18,000",15
168,Paradise Travels,Jomsom,"25,000",18
169,Paradise Travels,Muktinath,"25,000",18
170,Paradise Travels,Ghorepani Poon Hill,"28,000",20
171,Paradise Travels,Dolpo,"32,000",22
172,Paradise Travels,Tengboche,"15,000",15
173,Paradise Travels,Namche Bazaar,"18,000",15
174,Paradise Travels,Tilicho Lake,"25,000",18
175,Paradise Travels,Helambu,"20,000",15
176,Paradise Travels,Kanchenjunga Base Camp,"40,000",25
177,Paradise Travels,Shey Phoksundo Lake,"32,000",20
178,Paradise Travels,Khaptad National Park,"25,000",18
179,Paradise Travels,Rolwaling Valley,"28,000",20
180,Paradise Travels,Upper Mustang,"40,000",25
181,Paradise Travels,Simikot,"35,000",22
182,Paradise Travels,Panch Pokhari,"20,000",18
183,Paradise Travels,Sagarmatha National Park,"35,000",22
184,Paradise Travels,Makalu Base Camp,"38,000",22
185,Paradise Travels,Dhaulagiri Circuit,"38,000",22
186,Paradise Travels,Manaslu Circuit,"35,000",22
187,Paradise Travels,Khopra Ridge,"22,000",18
188,Paradise Travels,Gokyo Lakes,"32,000",20
189,Paradise Travels,Three Passes Trek,"42,000",25
190,Paradise Travels,Arun Valley,"28,000",20
191,Paradise Travels,Nar Phu Valley,"40,000",25
192,Paradise Travels,Ruby Valley,"25,000",18
193,Paradise Travels,Lower Dolpo,"32,000",20
194,Paradise Travels,Upper Dolpo,"45,000",25
195,Paradise Travels,Tsum Valley,"35,000",22
196,Paradise Travels,Pikey Peak,"20,000",18
197,Paradise Travels,Mohare Danda,"15,000",15
198,Paradise Travels,Ganja La Pass,"30,000",22
199,Paradise Travels,Lumba Sumba Pass,"45,000",25
200,Paradise Travels,Tamang Heritage Trail,"20,000",18
201,Paradise Travels,Annapurna Circuit,"42,000",23
202,Paradise Travels,Everest Base Camp,"30,000",18
203,Paradise Travels,Langtang Valley,"22,000",13
204,Paradise Travels,Manang,"17,000",14
205,Paradise Travels,Mustang,"30,000",18
206,Paradise Travels,Rara Lake,"17,000",14
207,Paradise Travels,Gosaikunda,"20,000",14
208,Paradise Travels,Jomsom,"28,000",16
209,Paradise Travels,Muktinath,"28,000",16
210,Paradise Travels,Ghorepani Poon Hill,"32,000",18
211,Paradise Travels,Dolpo,"35,000",20
212,Paradise Travels,Tengboche,"17,000",14
213,Paradise Travels,Namche Bazaar,"20,000",14
214,Paradise Travels,Tilicho Lake,"28,000",16
215,Paradise Travels,Helambu,"22,000",14
216,Paradise Travels,Kanchenjunga Base Camp,"45,000",23
217,Paradise Travels,Shey Phoksundo Lake,"35,000",20
218,Paradise Travels,Khaptad National Park,"28,000",16
219,Paradise Travels,Rolwaling Valley,"30,000",18
220,Paradise Travels,Upper Mustang,"45,000",23
221,Paradise Travels,Simikot,"38,000",17
222,Paradise Travels,Panch Pokhari,"22,000",16
223,Paradise Travels,Sagarmatha National Park,"38,000",17
224,Paradise Travels,Makalu Base Camp,"40,000",17
225,Paradise Travels,Dhaulagiri Circuit,"40,000",17
226,Paradise Travels,Manaslu Circuit,"38,000",17
227,Paradise Travels,Khopra Ridge,"25,000",16
228,Paradise Travels,Gokyo Lakes,"35,000",20
229,Paradise Travels,Three Passes Trek,"45,000",23
230,Paradise Travels,Arun Valley,"30,000",18
231,Paradise Travels,Nar Phu Valley,"42,000",21
232,Paradise Travels,Ruby Valley,"28,000",16
233,Paradise Travels,Lower Dolpo,"35,000",20
234,Paradise Travels,Upper Dolpo,"45,000",23
235,Paradise Travels,Tsum Valley,"38,000",17
236,Paradise Travels,Pikey Peak,"22,000",16
237,Paradise Travels,Mohare Danda,"18,000",13
238,Paradise Travels,Ganja La Pass,"32,000",20
239,Paradise Travels,Lumba Sumba Pass,"45,000",23
240,Paradise Travels,Tamang Heritage Trail,"22,000",16
250,Heaven Travels,Annapurna Circuit,"35,000",18
251,Heaven Travels,Everest Base Camp,"25,000",10
252,Heaven Travels,Langtang Valley,"18,000",7
253,Heaven Travels,Manang,"12,000",5
254,Heaven Travels,Mustang,"28,000",16
255,Heaven Travels,Rara Lake,"10,000",7
256,Heaven Travels,Gosaikunda,"12,000",7
257,Heaven Travels,Jomsom,"20,000",5
258,Heaven Travels,Muktinath,"20,000",5
259,Heaven Travels,Ghorepani Poon Hill,"25,000",7
260,Heaven Travels,Dolpo,"32,000",16
261,Heaven Travels,Tengboche,"12,000",5
262,Heaven Travels,Namche Bazaar,"14,000",5
263,Heaven Travels,Tilicho Lake,"22,000",8
264,Heaven Travels,Helambu,"18,000",6
265,Heaven Travels,Kanchenjunga Base Camp,"35,000",16
266,Heaven Travels,Shey Phoksundo Lake,"28,000",9
267,Heaven Travels,Khaptad National Park,"22,000",8
268,Heaven Travels,Rolwaling Valley,"25,000",9
269,Heaven Travels,Upper Mustang,"35,000",16
270,Heaven Travels,Simikot,"30,000",12
271,Heaven Travels,Panch Pokhari,"18,000",7
272,Heaven Travels,Sagarmatha National Park,"30,000",16
273,Heaven Travels,Makalu Base Camp,"38,000",16
274,Heaven Travels,Dhaulagiri Circuit,"38,000",16
275,Heaven Travels,Manaslu Circuit,"35,000",16
276,Heaven Travels,Khopra Ridge,"20,000",8
277,Heaven Travels,Gokyo Lakes,"32,000",12
278,Heaven Travels,Three Passes Trek,"45,000",24
279,Heaven Travels,Arun Valley,"28,000",14
280,Heaven Travels,Nar Phu Valley,"38,000",11
281,Heaven Travels,Ruby Valley,"25,000",8
282,Heaven Travels,Lower Dolpo,"32,000",12
283,Heaven Travels,Upper Dolpo,"50,000",24
284,Heaven Travels,Tsum Valley,"35,000",12
285,Heaven Travels,Pikey Peak,"22,000",8
286,Heaven Travels,Mohare Danda,"12,000",6
287,Heaven Travels,Ganja La Pass,"30,000",18
288,Heaven Travels,Lumba Sumba Pass,"50,000",24
289,Heaven Travels,Tamang Heritage Trail,"22,000",8
290,Heaven Travels,Annapurna Circuit,"40,000",20
291,Heaven Travels,Everest Base Camp,"22,000",12
292,Heaven Travels,Langtang Valley,"20,000",8
293,Heaven Travels,Manang,"15,000",7
294,Heaven Travels,Mustang,"30,000",18
295,Heaven Travels,Rara Lake,"12,000",9
296,Heaven Travels,Gosaikunda,"14,000",8
297,Heaven Travels,Jomsom,"24,000",6
298,Heaven Travels,Muktinath,"24,000",6
299,Heaven Travels,Ghorepani Poon Hill,"28,000",8
300,Heaven Travels,Dolpo,"36,000",20
301,Heaven Travels,Tengboche,"14,000",7
302,Heaven Travels,Namche Bazaar,"16,000",7
303,Heaven Travels,Tilicho Lake,"25,000",10
304,Heaven Travels,Helambu,"20,000",9
305,Heaven Travels,Kanchenjunga Base Camp,"40,000",18
306,Heaven Travels,Shey Phoksundo Lake,"32,000",11
307,Heaven Travels,Khaptad National Park,"24,000",10
308,Heaven Travels,Rolwaling Valley,"27,000",11
309,Heaven Travels,Upper Mustang,"38,000",18
310,Heaven Travels,Simikot,"33,000",14
311,Heaven Travels,Panch Pokhari,"20,000",8
312,Heaven Travels,Sagarmatha National Park,"34,000",18
313,Heaven Travels,Makalu Base Camp,"40,000",18
314,Heaven Travels,Dhaulagiri Circuit,"40,000",18
315,Heaven Travels,Manaslu Circuit,"38,000",18
316,Heaven Travels,Khopra Ridge,"22,000",10
317,Heaven Travels,Gokyo Lakes,"34,000",14
318,Heaven Travels,Three Passes Trek,"50,000",28
319,Heaven Travels,Arun Valley,"30,000",16
320,Heaven Travels,Nar Phu Valley,"42,000",13
321,Heaven Travels,Ruby Valley,"28,000",10
322,Heaven Travels,Lower Dolpo,"36,000",14
323,Heaven Travels,Upper Dolpo,"55,000",28
324,Heaven Travels,Tsum Valley,"38,000",14
325,Heaven Travels,Pikey Peak,"25,000",10
326,Heaven Travels,Mohare Danda,"15,000",8
327,Heaven Travels,Ganja La Pass,"35,000",22
328,Heaven Travels,Lumba Sumba Pass,"55,000",28
329,Heaven Travels,Tamang Heritage Trail,"24,000",10
330,Nepway Travels,Annapurna Circuit,"35,000",23
331,Nepway Travels,Everest Base Camp,"22,000",14
332,Nepway Travels,Langtang Valley,"17,000",8
333,Nepway Travels,Manang,"11,000",6
334,Nepway Travels,Mustang,"24,000",15
335,Nepway Travels,Rara Lake,"8,000",7
336,Nepway Travels,Gosaikunda,"9,000",6
337,Nepway Travels,Jomsom,"16,000",4
338,Nepway Travels,Muktinath,"16,000",4
339,Nepway Travels,Ghorepani Poon Hill,"21,000",6
340,Nepway Travels,Dolpo,"27,000",15
341,Nepway Travels,Tengboche,"11,000",4
342,Nepway Travels,Namche Bazaar,"13,000",4
343,Nepway Travels,Tilicho Lake,"20,000",8
344,Nepway Travels,Helambu,"16,000",7
345,Nepway Travels,Kanchenjunga Base Camp,"32,000",15
346,Nepway Travels,Shey Phoksundo Lake,"27,000",8
347,Nepway Travels,Khaptad National Park,"22,000",9
348,Nepway Travels,Rolwaling Valley,"24,000",10
349,Nepway Travels,Upper Mustang,"32,000",15
350,Nepway Travels,Simikot,"30,000",12
351,Nepway Travels,Panch Pokhari,"17,000",8
352,Nepway Travels,Sagarmatha National Park,"30,000",15
353,Nepway Travels,Makalu Base Camp,"35,000",15
354,Nepway Travels,Dhaulagiri Circuit,"35,000",15
355,Nepway Travels,Manaslu Circuit,"32,000",15
356,Nepway Travels,Khopra Ridge,"18,000",9
357,Nepway Travels,Gokyo Lakes,"28,000",11
358,Nepway Travels,Three Passes Trek,"38,000",22
359,Nepway Travels,Arun Valley,"23,000",13
360,Nepway Travels,Nar Phu Valley,"35,000",10
361,Nepway Travels,Ruby Valley,"20,000",9
362,Nepway Travels,Lower Dolpo,"30,000",12
363,Nepway Travels,Upper Dolpo,"45,000",22
364,Nepway Travels,Tsum Valley,"33,000",12
365,Nepway Travels,Pikey Peak,"16,000",9
366,Nepway Travels,Mohare Danda,"11,000",7
367,Nepway Travels,Ganja La Pass,"26,000",14
368,Nepway Travels,Lumba Sumba Pass,"42,000",22
369,Nepway Travels,Tamang Heritage Trail,"19,000",9
370,Nepway Travels,Annapurna Circuit,"38,000",25
371,Nepway Travels,Everest Base Camp,"25,000",16
372,Nepway Travels,Langtang Valley,"18,000",9
373,Nepway Travels,Manang,"13,000",7
374,Nepway Travels,Mustang,"28,000",17
375,Nepway Travels,Rara Lake,"9,000",8
376,Nepway Travels,Gosaikunda,"10,000",8
377,Nepway Travels,Jomsom,"18,000",5
378,Nepway Travels,Muktinath,"18,000",5
379,Nepway Travels,Ghorepani Poon Hill,"23,000",8
380,Nepway Travels,Dolpo,"30,000",17
381,Nepway Travels,Tengboche,"14,000",5
382,Nepway Travels,Namche Bazaar,"16,000",5
383,Nepway Travels,Tilicho Lake,"22,000",9
384,Nepway Travels,Helambu,"17,000",8
385,Nepway Travels,Kanchenjunga Base Camp,"34,000",16
386,Nepway Travels,Shey Phoksundo Lake,"29,000",10
387,Nepway Travels,Khaptad National Park,"23,000",11
388,Nepway Travels,Rolwaling Valley,"26,000",12
389,Nepway Travels,Upper Mustang,"35,000",17
390,Nepway Travels,Simikot,"32,000",14
391,Nepway Travels,Panch Pokhari,"19,000",9
392,Nepway Travels,Sagarmatha National Park,"32,000",17
393,Nepway Travels,Makalu Base Camp,"37,000",17
394,Nepway Travels,Dhaulagiri Circuit,"37,000",17
395,Nepway Travels,Manaslu Circuit,"34,000",17
396,Nepway Travels,Khopra Ridge,"20,000",10
397,Nepway Travels,Gokyo Lakes,"30,000",12
398,Nepway Travels,Three Passes Trek,"40,000",25
399,Nepway Travels,Arun Valley,"25,000",15
400,Nepway Travels,Nar Phu Valley,"37,000",12
401,Nepway Travels,Ruby Valley,"22,000",11
402,Nepway Travels,Lower Dolpo,"33,000",14
403,Nepway Travels,Upper Dolpo,"50,000",25
404,Nepway Travels,Tsum Valley,"38,000",14
405,Nepway Travels,Pikey Peak,"18,000",11
406,Nepway Travels,Mohare Danda,"12,000",8
407,Nepway Travels,Ganja La Pass,"28,000",15
408,Nepway Travels,Lumba Sumba Pass,"45,000",25
409,Nepway Travels,Tamang Heritage Trail,"21,000",11
410,Wonders Travels,Annapurna Circuit,"40,000",25
411,Wonders Travels,Everest Base Camp,"26,000",16
412,Wonders Travels,Langtang Valley,"19,000",9
413,Wonders Travels,Manang,"14,000",7
414,Wonders Travels,Mustang,"29,000",17
415,Wonders Travels,Rara Lake,"10,000",8
416,Wonders Travels,Gosaikunda,"11,000",8
417,Wonders Travels,Jomsom,"19,000",5
418,Wonders Travels,Muktinath,"19,000",5
419,Wonders Travels,Ghorepani Poon Hill,"24,000",8
420,Wonders Travels,Dolpo,"31,000",17
421,Wonders Travels,Tengboche,"15,000",5
422,Wonders Travels,Namche Bazaar,"17,000",5
423,Wonders Travels,Tilicho Lake,"23,000",9
424,Wonders Travels,Helambu,"18,000",8
425,Wonders Travels,Kanchenjunga Base Camp,"36,000",16
426,Wonders Travels,Shey Phoksundo Lake,"30,000",10
427,Wonders Travels,Khaptad National Park,"24,000",11
428,Wonders Travels,Rolwaling Valley,"27,000",12
429,Wonders Travels,Upper Mustang,"36,000",17
430,Wonders Travels,Simikot,"33,000",14
431,Wonders Travels,Panch Pokhari,"20,000",9
432,Wonders Travels,Sagarmatha National Park,"33,000",17
433,Wonders Travels,Makalu Base Camp,"38,000",17
434,Wonders Travels,Dhaulagiri Circuit,"38,000",17
435,Wonders Travels,Manaslu Circuit,"35,000",17
436,Wonders Travels,Khopra Ridge,"21,000",10
437,Wonders Travels,Gokyo Lakes,"31,000",12
438,Wonders Travels,Three Passes Trek,"42,000",25
439,Wonders Travels,Arun Valley,"27,000",15
440,Wonders Travels,Nar Phu Valley,"39,000",12
441,Wonders Travels,Ruby Valley,"23,000",11
442,Wonders Travels,Lower Dolpo,"34,000",14
443,Wonders Travels,Upper Dolpo,"51,000",25
444,Wonders Travels,Tsum Valley,"40,000",14
445,Wonders Travels,Pikey Peak,"19,000",11
446,Wonders Travels,Mohare Danda,"13,000",8
447,Wonders Travels,Ganja La Pass,"29,000",15
448,Wonders Travels,Lumba Sumba Pass,"46,000",25
449,Wonders Travels,Tamang Heritage Trail,"22,000",11
450,Wonders Travels,Annapurna Circuit,"45,000",23
451,Wonders Travels,Everest Base Camp,"30,000",18
452,Wonders Travels,Langtang Valley,"22,000",10
453,Wonders Travels,Manang,"17,000",9
454,Wonders Travels,Mustang,"34,000",20
455,Wonders Travels,Rara Lake,"12,000",10
456,Wonders Travels,Gosaikunda,"13,000",10
457,Wonders Travels,Jomsom,"23,000",7
458,Wonders Travels,Muktinath,"23,000",7
459,Wonders Travels,Ghorepani Poon Hill,"28,000",10
460,Wonders Travels,Dolpo,"35,000",19
461,Wonders Travels,Tengboche,"18,000",8
462,Wonders Travels,Namche Bazaar,"20,000",8
463,Wonders Travels,Tilicho Lake,"26,000",12
464,Wonders Travels,Helambu,"21,000",11
465,Wonders Travels,Kanchenjunga Base Camp,"41,000",18
466,Wonders Travels,Shey Phoksundo Lake,"35,000",12
467,Wonders Travels,Khaptad National Park,"29,000",13
468,Wonders Travels,Rolwaling Valley,"32,000",14
469,Wonders Travels,Upper Mustang,"41,000",19
470,Wonders Travels,Simikot,"38,000",15
471,Wonders Travels,Panch Pokhari,"25,000",11
472,Wonders Travels,Sagarmatha National Park,"38,000",19
473,Wonders Travels,Makalu Base Camp,"43,000",19
474,Wonders Travels,Dhaulagiri Circuit,"43,000",19
475,Wonders Travels,Manaslu Circuit,"40,000",19
476,Wonders Travels,Khopra Ridge,"26,000",12
477,Wonders Travels,Gokyo Lakes,"36,000",14
478,Wonders Travels,Three Passes Trek,"47,000",23
479,Wonders Travels,Arun Valley,"32,000",16
480,Wonders Travels,Nar Phu Valley,"44,000",13
481,Wonders Travels,Ruby Valley,"28,000",12
482,Wonders Travels,Lower Dolpo,"39,000",16
483,Wonders Travels,Upper Dolpo,"56,000",23
484,Wonders Travels,Tsum Valley,"45,000",16
485,Wonders Travels,Pikey Peak,"27,000",14
486,Wonders Travels,Mohare Danda,"16,000",10
487,Wonders Travels,Ganja La Pass,"33,000",17
488,Wonders Travels,Lumba Sumba Pass,"52,000",23
489,Wonders Travels,Tamang Heritage Trail,"24,000",13
490,Dreamy Destination Travels,Annapurna Circuit,"45,000",25
491,Dreamy Destination Travels,Everest Base Camp,"32,000",20
492,Dreamy Destination Travels,Langtang Valley,"24,000",18
493,Dreamy Destination Travels,Manang,"19,000",16
494,Dreamy Destination Travels,Mustang,"32,000",20
495,Dreamy Destination Travels,Rara Lake,"19,000",16
496,Dreamy Destination Travels,Gosaikunda,"22,000",16
497,Dreamy Destination Travels,Jomsom,"30,000",22
498,Dreamy Destination Travels,Muktinath,"30,000",22
499,Dreamy Destination Travels,Ghorepani Poon Hill,"35,000",25
500,Dreamy Destination Travels,Dolpo,"40,000",23
501,Dreamy Destination Travels,Tengboche,"19,000",16
502,Dreamy Destination Travels,Namche Bazaar,"22,000",16
503,Dreamy Destination Travels,Tilicho Lake,"30,000",22
504,Dreamy Destination Travels,Helambu,"25,000",18
505,Dreamy Destination Travels,Kanchenjunga Base Camp,"48,000",27
506,Dreamy Destination Travels,Shey Phoksundo Lake,"40,000",23
507,Dreamy Destination Travels,Khaptad National Park,"32,000",18
508,Dreamy Destination Travels,Rolwaling Valley,"35,000",25
509,Dreamy Destination Travels,Upper Mustang,"48,000",27
510,Dreamy Destination Travels,Simikot,"42,000",21
511,Dreamy Destination Travels,Panch Pokhari,"24,000",18
512,Dreamy Destination Travels,Sagarmatha National Park,"42,000",21
513,Dreamy Destination Travels,Makalu Base Camp,"45,000",21
514,Dreamy Destination Travels,Dhaulagiri Circuit,"45,000",21
515,Dreamy Destination Travels,Manaslu Circuit,"42,000",21
516,Dreamy Destination Travels,Khopra Ridge,"28,000",18
517,Dreamy Destination Travels,Gokyo Lakes,"40,000",23
518,Dreamy Destination Travels,Three Passes Trek,"50,000",30
519,Dreamy Destination Travels,Arun Valley,"35,000",25
520,Dreamy Destination Travels,Nar Phu Valley,"48,000",27
521,Dreamy Destination Travels,Ruby Valley,"34,000",20
522,Dreamy Destination Travels,Lower Dolpo,"40,000",23
523,Dreamy Destination Travels,Upper Dolpo,"50,000",30
524,Dreamy Destination Travels,Tsum Valley,"42,000",21
525,Dreamy Destination Travels,Pikey Peak,"26,000",18
526,Dreamy Destination Travels,Mohare Danda,"22,000",16
527,Dreamy Destination Travels,Ganja La Pass,"38,000",23
528,Dreamy Destination Travels,Lumba Sumba Pass,"50,000",30
529,Dreamy Destination Travels,Tamang Heritage Trail,"24,000",18
530,Dreamy Destination Travels,Annapurna Circuit,"46,000",25
531,Dreamy Destination Travels,Everest Base Camp,"34,000",22
532,Dreamy Destination Travels,Langtang Valley,"26,000",18
533,Dreamy Destination Travels,Manang,"21,500",16
534,Dreamy Destination Travels,Mustang,"36,000",20
535,Dreamy Destination Travels,Rara Lake,"22,000",16
536,Dreamy Destination Travels,Gosaikunda,"24,500",17
537,Dreamy Destination Travels,Jomsom,"33,000",24
538,Dreamy Destination Travels,Muktinath,"33,000",24
539,Dreamy Destination Travels,Ghorepani Poon Hill,"38,000",25
540,Dreamy Destination Travels,Dolpo,"43,000",25
541,Dreamy Destination Travels,Tengboche,"21,500",16
542,Dreamy Destination Travels,Namche Bazaar,"24,500",17
543,Dreamy Destination Travels,Tilicho Lake,"34,000",24
544,Dreamy Destination Travels,Helambu,"28,000",19
545,Dreamy Destination Travels,Kanchenjunga Base Camp,"51,000",25
546,Dreamy Destination Travels,Shey Phoksundo Lake,"44,000",25
547,Dreamy Destination Travels,Khaptad National Park,"35,000",17
548,Dreamy Destination Travels,Rolwaling Valley,"38,000",25
549,Dreamy Destination Travels,Upper Mustang,"51,000",25
550,Dreamy Destination Travels,Simikot,"45,000",20
551,Dreamy Destination Travels,Panch Pokhari,"26,500",18
552,Dreamy Destination Travels,Sagarmatha National Park,"45,000",20
553,Dreamy Destination Travels,Makalu Base Camp,"48,000",20
554,Dreamy Destination Travels,Dhaulagiri Circuit,"48,000",20
555,Dreamy Destination Travels,Manaslu Circuit,"45,000",20
556,Dreamy Destination Travels,Khopra Ridge,"30,000",17
557,Dreamy Destination Travels,Gokyo Lakes,"43,000",25
558,Dreamy Destination Travels,Three Passes Trek,"52,000",25
559,Dreamy Destination Travels,Arun Valley,"38,000",25
560,Dreamy Destination Travels,Nar Phu Valley,"51,000",25
561,Dreamy Destination Travels,Ruby Valley,"37,000",22
562,Dreamy Destination Travels,Lower Dolpo,"43,000",25
563,Dreamy Destination Travels,Upper Dolpo,"52,000",25
564,Dreamy Destination Travels,Tsum Valley,"45,000",20
565,Dreamy Destination Travels,Pikey Peak,"29,000",17
566,Dreamy Destination Travels,Mohare Danda,"25,000",15
567,Dreamy Destination Travels,Ganja La Pass,"41,000",23
568,Dreamy Destination Travels,Lumba Sumba Pass,"52,000",25
569,Dreamy Destination Travels,Tamang Heritage Trail,"27,000",17
571,Rising Sun Travels,Annapurna Circuit,"50,000",25
572,Rising Sun Travels,Everest Base Camp,"34,000",20
573,Rising Sun Travels,Langtang Valley,"25,000",12
574,Rising Sun Travels,Manang,"20,000",11
575,Rising Sun Travels,Mustang,"39,000",22
576,Rising Sun Travels,Rara Lake,"14,000",12
577,Rising Sun Travels,Gosaikunda,"15,000",12
578,Rising Sun Travels,Jomsom,"27,000",9
579,Rising Sun Travels,Muktinath,"27,000",9
580,Rising Sun Travels,Ghorepani Poon Hill,"32,000",12
581,Rising Sun Travels,Dolpo,"39,000",22
582,Rising Sun Travels,Tengboche,"22,000",11
583,Rising Sun Travels,Namche Bazaar,"24,000",11
584,Rising Sun Travels,Tilicho Lake,"30,000",14
585,Rising Sun Travels,Helambu,"25,000",13
586,Rising Sun Travels,Kanchenjunga Base Camp,"46,000",20
587,Rising Sun Travels,Shey Phoksundo Lake,"40,000",14
588,Rising Sun Travels,Khaptad National Park,"34,000",15
589,Rising Sun Travels,Rolwaling Valley,"37,000",16
590,Rising Sun Travels,Upper Mustang,"46,000",21
591,Rising Sun Travels,Simikot,"43,000",17
592,Rising Sun Travels,Panch Pokhari,"30,000",13
593,Rising Sun Travels,Sagarmatha National Park,"43,000",21
594,Rising Sun Travels,Makalu Base Camp,"48,000",21
595,Rising Sun Travels,Dhaulagiri Circuit,"48,000",21
596,Rising Sun Travels,Manaslu Circuit,"45,000",21
597,Rising Sun Travels,Khopra Ridge,"31,000",14
598,Rising Sun Travels,Gokyo Lakes,"41,000",16
599,Rising Sun Travels,Three Passes Trek,"52,000",26
600,Rising Sun Travels,Arun Valley,"37,000",19
601,Rising Sun Travels,Nar Phu Valley,"49,000",16
602,Rising Sun Travels,Ruby Valley,"33,000",15
603,Rising Sun Travels,Lower Dolpo,"44,000",18
604,Rising Sun Travels,Upper Dolpo,"61,000",28
605,Rising Sun Travels,Tsum Valley,"50,000",18
606,Rising Sun Travels,Pikey Peak,"32,000",16
607,Rising Sun Travels,Mohare Danda,"21,000",14
608,Rising Sun Travels,Ganja La Pass,"38,000",19
609,Rising Sun Travels,Lumba Sumba Pass,"57,000",25
610,Rising Sun Travels,Tamang Heritage Trail,"29,000",15
611,Rising Sun Travels,Annapurna Circuit,"55,000",25
612,Rising Sun Travels,Everest Base Camp,"40,000",24
613,Rising Sun Travels,Langtang Valley,"30,000",14
614,Rising Sun Travels,Manang,"25,000",15
615,Rising Sun Travels,Mustang,"45,000",24
616,Rising Sun Travels,Rara Lake,"18,000",15
617,Rising Sun Travels,Gosaikunda,"19,000",15
618,Rising Sun Travels,Jomsom,"32,000",11
619,Rising Sun Travels,Muktinath,"32,000",11
620,Rising Sun Travels,Ghorepani Poon Hill,"38,000",14
621,Rising Sun Travels,Dolpo,"45,000",24
622,Rising Sun Travels,Tengboche,"28,000",15
623,Rising Sun Travels,Namche Bazaar,"30,000",15
624,Rising Sun Travels,Tilicho Lake,"36,000",18
625,Rising Sun Travels,Helambu,"31,000",17
626,Rising Sun Travels,Kanchenjunga Base Camp,"51,000",22
627,Rising Sun Travels,Shey Phoksundo Lake,"45,000",16
628,Rising Sun Travels,Khaptad National Park,"39,000",17
629,Rising Sun Travels,Rolwaling Valley,"42,000",18
630,Rising Sun Travels,Upper Mustang,"51,000",22
631,Rising Sun Travels,Simikot,"48,000",18
632,Rising Sun Travels,Panch Pokhari,"35,000",14
633,Rising Sun Travels,Sagarmatha National Park,"48,000",22
634,Rising Sun Travels,Makalu Base Camp,"53,000",22
635,Rising Sun Travels,Dhaulagiri Circuit,"53,000",22
636,Rising Sun Travels,Manaslu Circuit,"50,000",22
637,Rising Sun Travels,Khopra Ridge,"36,000",15
638,Rising Sun Travels,Gokyo Lakes,"46,000",17
639,Rising Sun Travels,Three Passes Trek,"57,000",25
640,Rising Sun Travels,Arun Valley,"42,000",20
641,Rising Sun Travels,Nar Phu Valley,"54,000",17
642,Rising Sun Travels,Ruby Valley,"38,000",16
643,Rising Sun Travels,Lower Dolpo,"49,000",19
644,Rising Sun Travels,Upper Dolpo,"66,000",28
645,Rising Sun Travels,Tsum Valley,"55,000",19
646,Rising Sun Travels,Pikey Peak,"37,000",17
647,Rising Sun Travels,Mohare Danda,"26,000",15
648,Rising Sun Travels,Ganja La Pass,"43,000",20
649,Rising Sun Travels,Lumba Sumba Pass,"62,000",25
650,Rising Sun Travels,Tamang Heritage Trail,"34,000",16
